videoId	narrative	super_narrative
FBRYf-zhbHw	Anti-Elitism	It is Us vs. Them (the establishment)
sOt9gUPKhA0	Anti-Elitism	It is Us vs. Them (the establishment)
EDN2GlkgayQ	Anti-Elitism	It is Us vs. Them (the establishment)
mDkwAql0ZNc	Anti-Elitism	It is Us vs. Them (the establishment)
IiXFN3JiQ2g	Anti-Elitism	It is Us vs. Them (the establishment)
tmudsgapDD8	Anti-Elitism	It is Us vs. Them (the establishment)
CJ6sRBFHvrw	Anti-Elitism	It is Us vs. Them (the establishment)
70gn8wApqT4	Anti-Elitism	It is Us vs. Them (the establishment)
_2mdS-LP8FU	Anti-Elitism	It is Us vs. Them (the establishment)
pR8i1JxEcfs	Anti-Elitism	It is Us vs. Them (the establishment)
KT2sHDILfY0	Anti-Elitism	It is Us vs. Them (the establishment)
ssTjHVAujiY	Anti-Elitism	It is Us vs. Them (the establishment)
M5f13G42ACc	Applauding political allies	We are competent
Yc8vVMZNbY4	Applauding political allies	We are competent
zzOPyAdNu_w	Arabs and/or Muslims are a cultural/social threat	Immigrants’ identity and/or culture is problematic
cK6qR89zYXU	Arabs and/or Muslims are a cultural/social threat	Immigrants’ identity and/or culture is problematic
HppCkqNVCvc	Arabs and/or Muslims are a cultural/social threat	Immigrants’ identity and/or culture is problematic
GmlmaO5m8w0	Arabs and/or Muslims are a cultural/social threat	Immigrants’ identity and/or culture is problematic
DXNF3HObCWE	Arabs and/or Muslims are a cultural/social threat	Immigrants’ identity and/or culture is problematic
2gwRsRC5OoA	Arabs and/or Muslims are a cultural/social threat	Immigrants’ identity and/or culture is problematic
r9xwNFmtPJY	Arabs and/or Muslims are a cultural/social threat	Immigrants’ identity and/or culture is problematic
dEZrRw2T5PA	Arabs and/or Muslims are a cultural/social threat	Immigrants’ identity and/or culture is problematic
rOPFeaY57cs	Arabs and/or Muslims are a cultural/social threat	Immigrants’ identity and/or culture is problematic
mFvA9vM4rdM	Arabs and/or Muslims are a cultural/social threat	Immigrants’ identity and/or culture is problematic
lV1XTTuJUIY	Arabs and/or Muslims are a cultural/social threat	Immigrants’ identity and/or culture is problematic
MoDoJLFBgEA	Arabs and/or Muslims are a cultural/social threat	Immigrants’ identity and/or culture is problematic
bh03fEySVig	Arabs and/or Muslims are a cultural/social threat	Immigrants’ identity and/or culture is problematic
xYszwgWovDo	Arabs and/or Muslims are a cultural/social threat	Immigrants’ identity and/or culture is problematic
vu-V2xl2bBQ	Arabs and/or Muslims are a cultural/social threat	Immigrants’ identity and/or culture is problematic
cc_9mAfu8yg	Arabs and/or Muslims are a cultural/social threat	Immigrants’ identity and/or culture is problematic
Cnxo9qwhZtE	Arabs and/or Muslims are a cultural/social threat	Immigrants’ identity and/or culture is problematic
AuKoavUI5xc	Arabs and/or Muslims are a cultural/social threat	Immigrants’ identity and/or culture is problematic
NLg6EmU2Qu8	Arabs and/or Muslims are a cultural/social threat	Immigrants’ identity and/or culture is problematic
sTsP_r5EUNY	Arabs and/or Muslims are a cultural/social threat	Immigrants’ identity and/or culture is problematic
EZLTTodCYPo	Arabs and/or Muslims are a cultural/social threat	Immigrants’ identity and/or culture is problematic
h85UHcVi9lQ	Arabs and/or Muslims are a cultural/social threat	Immigrants’ identity and/or culture is problematic
k8OfvFKxsUg	Arabs and/or Muslims are a cultural/social threat	Immigrants’ identity and/or culture is problematic
riu6k-NxDOw	Arabs and/or Muslims are a cultural/social threat	Immigrants’ identity and/or culture is problematic
KPQK8hGOWU4	Arabs and/or Muslims are a cultural/social threat	Immigrants’ identity and/or culture is problematic
eGT5OPZkKYs	Arabs and/or Muslims are a cultural/social threat	Immigrants’ identity and/or culture is problematic
SInlEy6XsMk	Blaming global elites	Immigration is part of a conspiracy
_mnf6L7C-Ek	Blaming global elites	Immigration is part of a conspiracy
lyrKPMoPvFQ	Blaming global elites	Immigration is part of a conspiracy
dmh1DkQAwVM	Blaming global elites	Immigration is part of a conspiracy
VsRfJctPvY0	Blaming global elites	Immigration is part of a conspiracy
nwe5irR-lGQ	Blaming global elites	Immigration is part of a conspiracy
NUS7tykgjRI	Blaming global elites	Immigration is part of a conspiracy
Lu-gGgw-p7I	Blaming global elites	Immigration is part of a conspiracy
uRmsxg9Php0	Certain immigrants /asylum seekers are discriminated against	Immigrants are victims
z77Ha7qgJMI	Certain immigrants /asylum seekers are discriminated against	Immigrants are victims
AYGRI3H6slY	Certain immigrants /asylum seekers are discriminated against	Immigrants are victims
cSoU-3T1Tvg	Certain immigrants /asylum seekers are discriminated against	Immigrants are victims
Rc_lHON6az0	Certain immigrants /asylum seekers are discriminated against	Immigrants are victims
SjC7QYMNQK4	Certain immigrants /asylum seekers are discriminated against	Immigrants are victims
gaqqqUG3Q2I	Certain immigrants /asylum seekers are discriminated against	Immigrants are victims
MIDB9sOduiU	Certain immigrants /asylum seekers are discriminated against	Immigrants are victims
vcgqHv4__3g	Certain immigrants /asylum seekers are discriminated against	Immigrants are victims
8l20qIfsQu4	Certain immigrants /asylum seekers are discriminated against	Immigrants are victims
QNBMHu1bjzI	Certain immigrants /asylum seekers are discriminated against	Immigrants are victims
auhjkK5wWiE	Certain immigrants /asylum seekers are discriminated against	Immigrants are victims
CU6zfKG53xg	Certain immigrants /asylum seekers are discriminated against	Immigrants are victims
9x_ZeEoZF4U	Certain immigrants /asylum seekers are discriminated against	Immigrants are victims
eze0H8ABQgo	Certain immigrants /asylum seekers are discriminated against	Immigrants are victims
Eew9X7OwQNM	Certain immigrants /asylum seekers are discriminated against	Immigrants are victims
Q4Xi57Xdys4	Certain immigrants /asylum seekers are discriminated against	Immigrants are victims
P9xXW7YHw8s	Certain immigrants /asylum seekers are discriminated against	Immigrants are victims
7z6uousyXwM	Certain immigrants /asylum seekers are discriminated against	Immigrants are victims
FXbrOVejfvk	Certain immigrants /asylum seekers are discriminated against	Immigrants are victims
-8cqGNhKn0k	Certain immigrants /asylum seekers are discriminated against	Immigrants are victims
1hboVt2iyrg	Certain immigrants /asylum seekers are discriminated against	Immigrants are victims
OSUJ_UxKQCA	Certain immigrants /asylum seekers are discriminated against	Immigrants are victims
AD8ESb-rBxg	Certain immigrants /asylum seekers are discriminated against	Immigrants are victims
3qfV7e8ezAU	Certain immigrants are unwilling/incapable to integrate	Immigrants’ identity and/or culture is problematic
UEIwuuH0aiI	Certain immigrants are unwilling/incapable to integrate	Immigrants’ identity and/or culture is problematic
RFpXgWRSC20	Certain immigrants are unwilling/incapable to integrate	Immigrants’ identity and/or culture is problematic
YvOllz6KZms	Certain immigrants are unwilling/incapable to integrate	Immigrants’ identity and/or culture is problematic
SudIgvD7EG4	Certain immigrants are unwilling/incapable to integrate	Immigrants’ identity and/or culture is problematic
yqhn8h5iCro	Certain immigrants are unwilling/incapable to integrate	Immigrants’ identity and/or culture is problematic
OlGFxS_Ay-o	Certain immigrants are unwilling/incapable to integrate	Immigrants’ identity and/or culture is problematic
_W-7zVe_un8	Certain immigrants are unwilling/incapable to integrate	Immigrants’ identity and/or culture is problematic
fsYqmAswJx8	Certain immigrants are unwilling/incapable to integrate	Immigrants’ identity and/or culture is problematic
tdxAxeDBoX4	Certain immigrants are unwilling/incapable to integrate	Immigrants’ identity and/or culture is problematic
fkjbGmOlylc	Certain immigrants are unwilling/incapable to integrate	Immigrants’ identity and/or culture is problematic
Ma-RFq6IU04	Certain immigrants are unwilling/incapable to integrate	Immigrants’ identity and/or culture is problematic
rVPQuLVKNLg	Certain immigrants are unwilling/incapable to integrate	Immigrants’ identity and/or culture is problematic
MCJSgsJ3ef0	Certain immigrants are unwilling/incapable to integrate	Immigrants’ identity and/or culture is problematic
x3Im7S3xgCg	Certain immigrants are unwilling/incapable to integrate	Immigrants’ identity and/or culture is problematic
M0z7qJEXTUs	Certain immigrants are unwilling/incapable to integrate	Immigrants’ identity and/or culture is problematic
6Z7kFkGeJN0	Certain immigrants are unwilling/incapable to integrate	Immigrants’ identity and/or culture is problematic
yVfTyHepYFI	Certain immigrants are unwilling/incapable to integrate	Immigrants’ identity and/or culture is problematic
GAJgS8GziQ4	Certain immigrants are unwilling/incapable to integrate	Immigrants’ identity and/or culture is problematic
rlLcT8dxHuA	Certain immigrants are unwilling/incapable to integrate	Immigrants’ identity and/or culture is problematic
2NfDVsk9YVE	Certain immigrants are unwilling/incapable to integrate	Immigrants’ identity and/or culture is problematic
EbeuDxaxvRY	Certain immigrants are unwilling/incapable to integrate	Immigrants’ identity and/or culture is problematic
fdLAhPiEeX0	Certain immigrants are unwilling/incapable to integrate	Immigrants’ identity and/or culture is problematic
WumjmnmFsp0	Certain immigrants are unwilling/incapable to integrate	Immigrants’ identity and/or culture is problematic
mWHxVhY07LY	Certain immigrants are unwilling/incapable to integrate	Immigrants’ identity and/or culture is problematic
-cq6PV_O0Eo	Certain immigrants are unwilling/incapable to integrate	Immigrants’ identity and/or culture is problematic
Hgfw4VLlAcM	Certain immigrants are unwilling/incapable to integrate	Immigrants’ identity and/or culture is problematic
O19q4o122PU	Discrediting political rivals (e.g. ridicule, accusation)	It is Us vs. Them (the establishment)
KQ-ipJrJkiw	Discrediting political rivals (e.g. ridicule, accusation)	It is Us vs. Them (the establishment)
7ZBdDYOQzY0	Discrediting political rivals (e.g. ridicule, accusation)	It is Us vs. Them (the establishment)
Lv9BqodzoHQ	Discrediting political rivals (e.g. ridicule, accusation)	It is Us vs. Them (the establishment)
oc__7GaSRXc	Discrediting political rivals (e.g. ridicule, accusation)	It is Us vs. Them (the establishment)
OcJwZbAR_5E	Discrediting political rivals (e.g. ridicule, accusation)	It is Us vs. Them (the establishment)
aFQqF_S04GY	Discrediting political rivals (e.g. ridicule, accusation)	It is Us vs. Them (the establishment)
rw1VDVcyWSw	Discrediting political rivals (e.g. ridicule, accusation)	It is Us vs. Them (the establishment)
kpPVSgRu0Xw	Discrediting political rivals (e.g. ridicule, accusation)	It is Us vs. Them (the establishment)
XUXeNsqorMw	Discrediting political rivals (e.g. ridicule, accusation)	It is Us vs. Them (the establishment)
mjZpHm8jyWs	Discrediting political rivals (e.g. ridicule, accusation)	It is Us vs. Them (the establishment)
h2tjDEEqrjY	Discrediting political rivals (e.g. ridicule, accusation)	It is Us vs. Them (the establishment)
vu1-vb6jLLU	Discrediting political rivals (e.g. ridicule, accusation)	It is Us vs. Them (the establishment)
GxQjfvwJ7Eg	Discrediting political rivals (e.g. ridicule, accusation)	It is Us vs. Them (the establishment)
GfP2fZMecQM	Discrediting political rivals (e.g. ridicule, accusation)	It is Us vs. Them (the establishment)
-_qJtwfkdIw	Discrediting political rivals (e.g. ridicule, accusation)	It is Us vs. Them (the establishment)
IlOL3kxMDnc	Discrediting political rivals (e.g. ridicule, accusation)	It is Us vs. Them (the establishment)
hdRjrmJEIE0	Discrediting political rivals (e.g. ridicule, accusation)	It is Us vs. Them (the establishment)
5P9ZmoxNRXU	Discrediting political rivals (e.g. ridicule, accusation)	It is Us vs. Them (the establishment)
Qy16OREVIOg	Discrediting political rivals (e.g. ridicule, accusation)	It is Us vs. Them (the establishment)
wzA7bVDlivc	Discrediting political rivals (e.g. ridicule, accusation)	It is Us vs. Them (the establishment)
BPOd7ScXO6g	Discrediting political rivals (e.g. ridicule, accusation)	It is Us vs. Them (the establishment)
NQPnGFzXO0g	Discrediting political rivals (e.g. ridicule, accusation)	It is Us vs. Them (the establishment)
ggHoL-37Gz8	Discrediting political rivals (e.g. ridicule, accusation)	It is Us vs. Them (the establishment)
xf9AlGrc2rc	Discrediting political rivals (e.g. ridicule, accusation)	It is Us vs. Them (the establishment)
m_2b0CirWfU	Discrediting political rivals (e.g. ridicule, accusation)	It is Us vs. Them (the establishment)
DLxtVuAb6L8	Discrediting political rivals (e.g. ridicule, accusation)	It is Us vs. Them (the establishment)
8p4xaGzJg_g	Discrediting political rivals (e.g. ridicule, accusation)	It is Us vs. Them (the establishment)
S6KPpZ4yCUg	Discrediting political rivals (e.g. ridicule, accusation)	It is Us vs. Them (the establishment)
S5nS38CJFMA	Discrediting political rivals (e.g. ridicule, accusation)	It is Us vs. Them (the establishment)
_3nEDVavuqk	EU is harmful for our nation	It is Us vs. Them (the establishment)
6cirpmAb8vc	EU is harmful for our nation	It is Us vs. Them (the establishment)
Sy5-QELRMKM	EU/MS do not have the means to properly take care of immigrants, therefore it is better for them not to come here	Immigrants are victims
ZT4LzjQwNvk	Great replacement	Immigration is part of a conspiracy
4Y-GDnQfKpU	Great replacement	Immigration is part of a conspiracy
K6dxkLu7owU	Great replacement	Immigration is part of a conspiracy
Iuig4xXccu4	Great replacement	Immigration is part of a conspiracy
IBEp16hBipY	Great replacement	Immigration is part of a conspiracy
HW1lED4I_L0	Great replacement	Immigration is part of a conspiracy
HeOpCx41OIA	Great replacement	Immigration is part of a conspiracy
Lkn5WXRpfmo	Great replacement	Immigration is part of a conspiracy
PTqLqSnMpBI	Great replacement	Immigration is part of a conspiracy
jO8tnoihNoM	Great replacement	Immigration is part of a conspiracy
S0qFEaD2p0c	Great replacement	Immigration is part of a conspiracy
8P67omRsWV8	Great replacement	Immigration is part of a conspiracy
vPkDoLK5Ba0	Immigrants abuse the welfare system	Immigration burdens the economy & welfare narrative
8LnBKnlV0uc	Immigrants abuse the welfare system	Immigration burdens the economy & welfare narrative
DiFCvzUZ06E	Immigrants abuse the welfare system	Immigration burdens the economy & welfare narrative
IOj4Cl9pEjU	Immigrants abuse the welfare system	Immigration burdens the economy & welfare narrative
i8qGKGFtUek	Immigrants abuse the welfare system	Immigration burdens the economy & welfare narrative
17l7IQswMJE	Immigrants abuse the welfare system	Immigration burdens the economy & welfare narrative
nT-fh5OEFIs	Immigrants abuse the welfare system	Immigration burdens the economy & welfare narrative
LZsiaQ0YR6A	Immigrants abuse the welfare system	Immigration burdens the economy & welfare narrative
QzvxykFufcg	Immigrants abuse the welfare system	Immigration burdens the economy & welfare narrative
Eez6o3leSa8	Immigrants abuse the welfare system	Immigration burdens the economy & welfare narrative
Ct6hYxkmcj8	Immigrants abuse the welfare system	Immigration burdens the economy & welfare narrative
1hiRK7RVZWg	Immigrants are a strain on our health-care system	Immigration burdens the economy & welfare narrative
DO5Li6tCDZ8	Immigrants are a strain on our health-care system	Immigration burdens the economy & welfare narrative
TQa5q78ClC4	Immigrants are a strain on our health-care system	Immigration burdens the economy & welfare narrative
NfghI60EgrQ	Immigrants are a strain on the housing market	Immigration burdens the economy & welfare narrative
sPb76lLYA6M	Immigrants are a strain on the housing market	Immigration burdens the economy & welfare narrative
EffUiuq1iBU	Immigrants are a strain on the housing market	Immigration burdens the economy & welfare narrative
ycJsOEzzKi0	Immigrants are a strain on the housing market	Immigration burdens the economy & welfare narrative
9BoogogH9Gw	Immigrants are a strain on the housing market	Immigration burdens the economy & welfare narrative
3AmqyicPfck	Immigrants are a strain on the housing market	Immigration burdens the economy & welfare narrative
nuHOpxpoVlg	Immigrants are a strain on the housing market	Immigration burdens the economy & welfare narrative
1PeOdSKBCdQ	Immigrants are a strain on the housing market	Immigration burdens the economy & welfare narrative
TCXAjVOT3b4	Immigrants are a strain on the housing market	Immigration burdens the economy & welfare narrative
8pF0jcX4l40	Immigrants are a strain on the housing market	Immigration burdens the economy & welfare narrative
OuzTv4ah1g8	Immigrants are a strain on the housing market	Immigration burdens the economy & welfare narrative
epGKhomjfHM	Immigrants are a strain on the housing market	Immigration burdens the economy & welfare narrative
6dSnj3njQ2k	Immigrants are a strain on the housing market	Immigration burdens the economy & welfare narrative
btjKvdBFZv0	Immigrants are a strain on the housing market	Immigration burdens the economy & welfare narrative
ZhuTpyzvsYk	Immigrants are a strain on the housing market	Immigration burdens the economy & welfare narrative
AXkhQ6wPzgI	Immigrants are a strain on the housing market	Immigration burdens the economy & welfare narrative
pnCWkc6S0fI	Immigrants are a strain on the housing market	Immigration burdens the economy & welfare narrative
QubVUA9hMVU	Immigrants are a strain on the housing market	Immigration burdens the economy & welfare narrative
C6TpvaX5isY	Immigrants are a strain on the housing market	Immigration burdens the economy & welfare narrative
GsSxeaJSTYs	Immigrants are a strain on the housing market	Immigration burdens the economy & welfare narrative
guz99MNa7b4	Immigrants are a strain on the housing market	Immigration burdens the economy & welfare narrative
QrfsggYVMC4	Immigrants are a strain on the housing market	Immigration burdens the economy & welfare narrative
PJg0gkPZaEo	Immigrants are a strain on the housing market	Immigration burdens the economy & welfare narrative
Om09hjaz3Hk	Immigrants are prone to committing crimes (violent, non-violent, or organised)	Immigration is a threat
pHrNcBPQbIc	Immigrants are prone to committing crimes (violent, non-violent, or organised)	Immigration is a threat
ZDuiDhwSunk	Immigrants are prone to committing crimes (violent, non-violent, or organised)	Immigration is a threat
nBrv1-W8xMA	Immigrants are prone to committing crimes (violent, non-violent, or organised)	Immigration is a threat
n4DpvH2XWE8	Immigrants are prone to committing crimes (violent, non-violent, or organised)	Immigration is a threat
K9FBPQlLwJE	Immigrants are prone to committing crimes (violent, non-violent, or organised)	Immigration is a threat
uIbflB91DZg	Immigrants are prone to committing crimes (violent, non-violent, or organised)	Immigration is a threat
Ef1gBpeIY7c	Immigrants are prone to committing crimes (violent, non-violent, or organised)	Immigration is a threat
3K50E3qRj-w	Immigrants are prone to committing crimes (violent, non-violent, or organised)	Immigration is a threat
QiZhbaM5Lyk	Immigrants are prone to committing crimes (violent, non-violent, or organised)	Immigration is a threat
CBWHbRzThqk	Immigrants are prone to committing crimes (violent, non-violent, or organised)	Immigration is a threat
x6F8Zq4J4kQ	Immigrants are prone to committing crimes (violent, non-violent, or organised)	Immigration is a threat
OSNP63gjuX0	Immigrants are prone to committing crimes (violent, non-violent, or organised)	Immigration is a threat
75jmSQ-7PVw	Immigrants are prone to committing crimes (violent, non-violent, or organised)	Immigration is a threat
V4wHSWUyCf4	Immigrants are prone to committing crimes (violent, non-violent, or organised)	Immigration is a threat
ilyAX0pH-0s	Immigrants are prone to committing crimes (violent, non-violent, or organised)	Immigration is a threat
uOEKZFnuupo	Immigrants are prone to committing crimes of a sexual nature	Immigration is a threat
q8XKifYjYeo	Immigrants are prone to committing crimes of a sexual nature	Immigration is a threat
fr7l9D32SMA	Immigrants are prone to committing crimes of a sexual nature	Immigration is a threat
moL5G7xG9Vs	Immigrants are prone to committing crimes of a sexual nature	Immigration is a threat
6BIkEhExTc0	Immigrants are prone to committing crimes of a sexual nature	Immigration is a threat
ZoRxP7bzwCI	Immigrants are prone to committing crimes of a sexual nature	Immigration is a threat
MF7xaa2MM1w	Immigrants are prone to committing crimes of a sexual nature	Immigration is a threat
PaZi9ku1jn8	Immigrants are prone to committing crimes of a sexual nature	Immigration is a threat
Irjkp_lQjMI	Immigrants are prone to committing crimes of a sexual nature	Immigration is a threat
51OOuNTEC0c	Immigrants are prone to committing crimes of a sexual nature	Immigration is a threat
0aEsxUz_SNM	Immigrants are prone to committing crimes of a sexual nature	Immigration is a threat
J33gyzmAGcc	Immigrants are prone to committing crimes of a sexual nature	Immigration is a threat
S8f9hPCPvF4	Immigrants are prone to committing crimes of a sexual nature	Immigration is a threat
eTda-SR7g60	Immigrants are prone to committing crimes of a sexual nature	Immigration is a threat
vErYsFa6R9c	Immigrants are prone to committing crimes of a sexual nature	Immigration is a threat
qtuVy03lJkc	Immigrants are prone to committing crimes of a sexual nature	Immigration is a threat
WBPvC64HMZA	Immigrants are prone to committing crimes of a sexual nature	Immigration is a threat
_sV8ERKGS1Y	Immigrants are prone to committing crimes of a sexual nature	Immigration is a threat
M8ARePYvfnY	Immigrants are prone to committing crimes of a sexual nature	Immigration is a threat
TWQ1HISBuvk	Immigrants are prone to committing crimes of a sexual nature	Immigration is a threat
rwPLW3g5VO4	Immigrants are victims of false hope	Immigrants are victims
IeWr3Ya4PxI	Immigrants are victims of false hope	Immigrants are victims
I_X7bbp2Nr4	Immigrants are victims of false hope	Immigrants are victims
B5KXTbwBwtk	Immigrants are victims of false hope	Immigrants are victims
NeIUHrSZ5RQ	Immigrants are victims of false hope	Immigrants are victims
qgGKTyvTpbY	Immigrants are victims of false hope	Immigrants are victims
hE16sZYAUqU	Immigrants are victims of false hope	Immigrants are victims
BAzX3EaQyjk	Immigrants are victims of false hope	Immigrants are victims
xtfSn_BpY6E	Immigrants are victims of false hope	Immigrants are victims
22g-TBGYiTU	Immigrants are victims of human traffickers	Immigrants are victims
E2xgzErE_vQ	Immigrants are victims of human traffickers	Immigrants are victims
jwqayA3liKQ	Immigrants are victims of human traffickers	Immigrants are victims
3Ol_0QnAUug	Immigrants are victims of human traffickers	Immigrants are victims
J5nEDgmQcf4	Immigrants are victims of human traffickers	Immigrants are victims
yacFtUJFYMw	Immigrants are victims of human traffickers	Immigrants are victims
LdLxz-2kgss	Immigrants are victims of human traffickers	Immigrants are victims
q5P0-ZLuqCo	Immigrants are victims of human traffickers	Immigrants are victims
VEw2EFM3fm0	Immigrants are victims of human traffickers	Immigrants are victims
eClpP5lUG_0	Immigrants are victims of human traffickers	Immigrants are victims
Et6goRZMcJ0	Immigrants are victims of human traffickers	Immigrants are victims
2jtZ0Bt8-Vk	Immigrants are victims of human traffickers	Immigrants are victims
IZhGmz8Mf04	Immigrants are victims of human traffickers	Immigrants are victims
ZzGY4aCco-4	Immigrants are victims of human traffickers	Immigrants are victims
DGoN7vMXsMc	Immigrants are victims of human traffickers	Immigrants are victims
COvnw8GfyY0	Immigrants are victims of human traffickers	Immigrants are victims
K_Dm7VrG1qg	Immigrants are victims of human traffickers	Immigrants are victims
7kAF9-Y1ZMk	Immigrants are victims of human traffickers	Immigrants are victims
08gMVoJXCD4	Immigrants are victims of human traffickers	Immigrants are victims
S76yZM_vnvE	Immigrants are victims of human traffickers	Immigrants are victims
jtU1imfMu2Y	Immigrants are victims of human traffickers	Immigrants are victims
-8W-UfB1CIw	Immigrants do not contribute to the economy	Immigration burdens the economy & welfare narrative
rGDv1b9TBZU	Immigrants do not contribute to the economy	Immigration burdens the economy & welfare narrative
eCxeyi-8QiM	Immigrants do not contribute to the economy	Immigration burdens the economy & welfare narrative
F4DS0osw4iE	Immigrants do not contribute to the economy	Immigration burdens the economy & welfare narrative
n58LMdogJTk	Immigrants do not contribute to the economy	Immigration burdens the economy & welfare narrative
bPQ3ZLk75-w	Immigrants do not contribute to the economy	Immigration burdens the economy & welfare narrative
pNEKtaHdIkM	Immigrants do not contribute to the economy	Immigration burdens the economy & welfare narrative
pxQFuJZkSLM	Immigrants do not contribute to the economy	Immigration burdens the economy & welfare narrative
gI4IX6zptRE	Immigrants do not contribute to the economy	Immigration burdens the economy & welfare narrative
4GZbiUjKxfE	Immigrants do not contribute to the economy	Immigration burdens the economy & welfare narrative
ImxOWnyJb08	Immigrants do not contribute to the economy	Immigration burdens the economy & welfare narrative
OeBsgd3VBmE	Immigrants do not contribute to the economy	Immigration burdens the economy & welfare narrative
8pnvf0ONR8c	Immigrants do not contribute to the economy	Immigration burdens the economy & welfare narrative
4y--K9r4yu4	Immigrants do not contribute to the economy	Immigration burdens the economy & welfare narrative
6ijFHNGXk4w	Immigrants do not contribute to the economy	Immigration burdens the economy & welfare narrative
j4gJKc9a5yY	Immigrants do not contribute to the economy	Immigration burdens the economy & welfare narrative
BkdzkJMMdHw	Immigrants do not contribute to the economy	Immigration burdens the economy & welfare narrative
PP1oA52Juwo	Immigrants do not contribute to the economy	Immigration burdens the economy & welfare narrative
Eeh2oQ0A1ck	Immigrants suffer from labour exploitation	Immigrants are victims
jFsE5g05cTI	Immigrants suffer from labour exploitation	Immigrants are victims
6IyOxb6gl-0	Immigrants suffer from labour exploitation	Immigrants are victims
1Ij601COWxc	Immigrants suffer from labour exploitation	Immigrants are victims
QSz-IzuwwWY	Immigrants suffer from labour exploitation	Immigrants are victims
9ZWFzyVRjzU	Immigrants suffer from labour exploitation	Immigrants are victims
B3NHRyKI9Xo	Immigrants suffer from labour exploitation	Immigrants are victims
VSWYAUehXEU	Immigrants suffer from labour exploitation	Immigrants are victims
5X3G-ssvHFM	Immigrants suffer from labour exploitation	Immigrants are victims
047VLSYlmiM	Immigrants suffer from labour exploitation	Immigrants are victims
-CDffv7Gus8	Immigrants suffer from labour exploitation	Immigrants are victims
87-uZC5McmE	Immigrants suffer from labour exploitation	Immigrants are victims
IISn4_4bOIU	Immigrants suffer from labour exploitation	Immigrants are victims
47uiLRCqoCg	Immigrants suffer from labour exploitation	Immigrants are victims
4-R4uKXMEiI	Immigrants suffer from labour exploitation	Immigrants are victims
38wmZT6RBnM	Immigrants suffer from labour exploitation	Immigrants are victims
8jFMHsVDsZE	Immigrants suffer from labour exploitation	Immigrants are victims
vrHQ6edFkOE	Immigrants take our jobs	Immigration burdens the economy & welfare narrative
goN_V6Gkp8c	Immigrants take our jobs	Immigration burdens the economy & welfare narrative
63xnhckGbAM	Immigrants take our jobs	Immigration burdens the economy & welfare narrative
seHEnnSS48c	Immigrants take our jobs	Immigration burdens the economy & welfare narrative
3jWn3ecCupg	Immigrants take our jobs	Immigration burdens the economy & welfare narrative
fkFW3CequFg	Immigrants take our jobs	Immigration burdens the economy & welfare narrative
itveSpNXVxs	Immigrants take our jobs	Immigration burdens the economy & welfare narrative
LfmPVqRAXkM	Immigration helps tackle social & economic issues (e.g. skills and labour shortages)	Pragmatic approaches to immigration
WAvO1s8L6BI	Immigration helps tackle social & economic issues (e.g. skills and labour shortages)	Pragmatic approaches to immigration
lXieaqydrPo	Immigration helps tackle social & economic issues (e.g. skills and labour shortages)	Pragmatic approaches to immigration
g1NpTOytD3s	Immigration helps tackle social & economic issues (e.g. skills and labour shortages)	Pragmatic approaches to immigration
tf5vLUMEn-U	Immigration helps tackle social & economic issues (e.g. skills and labour shortages)	Pragmatic approaches to immigration
yD_Kj3iCVzk	Immigration helps tackle social & economic issues (e.g. skills and labour shortages)	Pragmatic approaches to immigration
i2YOYupobhc	Immigration helps tackle social & economic issues (e.g. skills and labour shortages)	Pragmatic approaches to immigration
53XezmW-rs8	Immigration helps tackle social & economic issues (e.g. skills and labour shortages)	Pragmatic approaches to immigration
W3VLk6sqz_0	Immigration helps tackle social & economic issues (e.g. skills and labour shortages)	Pragmatic approaches to immigration
wVvOMDqXQjY	Immigration helps tackle social & economic issues (e.g. skills and labour shortages)	Pragmatic approaches to immigration
PyxlEpFi10w	Immigration helps tackle social & economic issues (e.g. skills and labour shortages)	Pragmatic approaches to immigration
fxhZlQUH_3A	Immigration helps tackle social & economic issues (e.g. skills and labour shortages)	Pragmatic approaches to immigration
G4TdCZkACow	Immigration helps tackle social & economic issues (e.g. skills and labour shortages)	Pragmatic approaches to immigration
Ft1-CXoa5E8	Immigration helps tackle social & economic issues (e.g. skills and labour shortages)	Pragmatic approaches to immigration
2i7Ec8GKqUY	Immigration helps tackle social & economic issues (e.g. skills and labour shortages)	Pragmatic approaches to immigration
7D5_a16IMdw	Immigration helps tackle social & economic issues (e.g. skills and labour shortages)	Pragmatic approaches to immigration
lWKZvc48Nck	Immigration helps tackle social & economic issues (e.g. skills and labour shortages)	Pragmatic approaches to immigration
sl28jH5zqRQ	Immigration helps tackle social & economic issues (e.g. skills and labour shortages)	Pragmatic approaches to immigration
ATouLKHNcE8	Immigration helps tackle social & economic issues (e.g. skills and labour shortages)	Pragmatic approaches to immigration
_T62A5MqkXQ	Immigration helps tackle social & economic issues (e.g. skills and labour shortages)	Pragmatic approaches to immigration
UH3xeCF3HjI	Immigration helps tackle social & economic issues (e.g. skills and labour shortages)	Pragmatic approaches to immigration
nYSkAhwyKCE	Immigration helps tackle social & economic issues (e.g. skills and labour shortages)	Pragmatic approaches to immigration
ehdGeFqwYJ0	Immigration helps tackle social & economic issues (e.g. skills and labour shortages)	Pragmatic approaches to immigration
CDlRpD5kdCQ	Immigration helps tackle social & economic issues (e.g. skills and labour shortages)	Pragmatic approaches to immigration
gYwIIVA3BWU	Immigration helps tackle social & economic issues (e.g. skills and labour shortages)	Pragmatic approaches to immigration
4yT7RJDdIok	Immigration helps tackle social & economic issues (e.g. skills and labour shortages)	Pragmatic approaches to immigration
qrhZ444bnLY	Immigration helps tackle social & economic issues (e.g. skills and labour shortages)	Pragmatic approaches to immigration
tBOm3KCdIbo	Immigration helps tackle social & economic issues (e.g. skills and labour shortages)	Pragmatic approaches to immigration
BOQtnjfc3e8	Immigration helps tackle social & economic issues (e.g. skills and labour shortages)	Pragmatic approaches to immigration
M5kUFFJJX0E	Immigration helps tackle social & economic issues (e.g. skills and labour shortages)	Pragmatic approaches to immigration
ttbwZCxPyaA	Immigration is a threat to individual safety	Immigration is a threat
IpD5jqX0COs	Immigration is a threat to individual safety	Immigration is a threat
w6BXQ27nQfw	Immigration is a threat to individual safety	Immigration is a threat
Q2IcjrlQcSg	Immigration is a threat to individual safety	Immigration is a threat
b9ijh956jto	Immigration is a threat to individual safety	Immigration is a threat
VN4OvBWbRU0	Immigration is a threat to individual safety	Immigration is a threat
3XpW6bwtEq8	Immigration is a threat to individual safety	Immigration is a threat
FNag3TCl7Oo	Immigration is a threat to individual safety	Immigration is a threat
fJQVB0UykT8	Immigration is a threat to individual safety	Immigration is a threat
AqR_NoTfOTA	Immigration is a threat to individual safety	Immigration is a threat
fZPzppzRO3w	Immigration is a threat to individual safety	Immigration is a threat
gxvvIFp-8Pw	Immigration is a threat to individual safety	Immigration is a threat
G72vX1rmwZ8	Immigration is a threat to individual safety	Immigration is a threat
AthTdvnui7E	Immigration is a threat to individual safety	Immigration is a threat
IsKL7q3kJLQ	Immigration is a threat to individual safety	Immigration is a threat
UnOWu06z5zY	Immigration is a threat to individual safety	Immigration is a threat
XAF2GU-4Uaw	Immigration is a threat to individual safety	Immigration is a threat
Tguf_NpEhqg	Immigration is a threat to individual safety	Immigration is a threat
Z4tKrzCJhPE	Immigration is a threat to national security	Immigration is a threat
TN2BQcN2vxE	Immigration is a threat to national security	Immigration is a threat
LFQ6nZJklZY	Immigration is a threat to national security	Immigration is a threat
ak-Ur7HXmtE	Immigration is a threat to national security	Immigration is a threat
AJFseN2_MBY	Immigration is a threat to national security	Immigration is a threat
zTvK-FGPL6E	Immigration is a threat to national security	Immigration is a threat
R931StMxgV4	Immigration is a threat to national security	Immigration is a threat
sMFXWO5-Ys8	Immigration is a threat to national security	Immigration is a threat
7_-2A9PWAQs	Immigration is a threat to national security	Immigration is a threat
9-UcN5CSee4	Immigration is a threat to national security	Immigration is a threat
O6ReoJ8IsQ0	Immigration is a threat to national security	Immigration is a threat
qsf7ih9HIhY	Immigration is a threat to national security	Immigration is a threat
8ZY1H386M-Q	Immigration is a threat to national security	Immigration is a threat
O3oteu8jwy8	Immigration is a threat to national security	Immigration is a threat
BqPVleoFq_Y	Immigration is a threat to national security	Immigration is a threat
J4cKJ4LSkzU	Immigration is a threat to the European way of life / identity	Immigrants’ identity and/or culture is problematic
mFmu8JVAQ7Y	Immigration is a threat to the European way of life / identity	Immigrants’ identity and/or culture is problematic
ghXzubaibqA	Immigration is a threat to the European way of life / identity	Immigrants’ identity and/or culture is problematic
6wCh6pHeMqA	Immigration is a threat to the European way of life / identity	Immigrants’ identity and/or culture is problematic
qGU84MbdxEk	Immigration is a threat to the European way of life / identity	Immigrants’ identity and/or culture is problematic
Zw8KBk7lHms	Immigration is a threat to the European way of life / identity	Immigrants’ identity and/or culture is problematic
z1G5VXFQ5iU	Immigration is a threat to the European way of life / identity	Immigrants’ identity and/or culture is problematic
OmTKdiwz-Zs	Immigration is a threat to the European way of life / identity	Immigrants’ identity and/or culture is problematic
Zy9VBBLhxEU	Immigration is a threat to the European way of life / identity	Immigrants’ identity and/or culture is problematic
WHoZZLamW4s	Immigration is a threat to the European way of life / identity	Immigrants’ identity and/or culture is problematic
0XqdfbHP83A	Immigration is a threat to the European way of life / identity	Immigrants’ identity and/or culture is problematic
axVDgxx_GFo	Immigration is a threat to the European way of life / identity	Immigrants’ identity and/or culture is problematic
VpCcYMtA-Wo	Immigration is a threat to the European way of life / identity	Immigrants’ identity and/or culture is problematic
rxXhbQtDMg4	Immigration is a threat to the European way of life / identity	Immigrants’ identity and/or culture is problematic
K3JnhzAzq5c	Immigration is a threat to the European way of life / identity	Immigrants’ identity and/or culture is problematic
eD0niNCoKcY	Immigration is a threat to the European way of life / identity	Immigrants’ identity and/or culture is problematic
uDbfZfymOYQ	Immigration is a threat to the European way of life / identity	Immigrants’ identity and/or culture is problematic
QDHL704ul1s	Immigration is a threat to the European way of life / identity	Immigrants’ identity and/or culture is problematic
OwQjEU9ir4k	Immigration is a threat to the European way of life / identity	Immigrants’ identity and/or culture is problematic
0mQjDwNoTVY	Immigration reduces the attractiveness of location and lowers overall life quality	Immigration burdens the economy & welfare narrative
sj2E_zYN190	Immigration reduces the attractiveness of location and lowers overall life quality	Immigration burdens the economy & welfare narrative
PJQlD7H1W4s	Immigration reduces the attractiveness of location and lowers overall life quality	Immigration burdens the economy & welfare narrative
R7SkDtEQAsM	Immigration reduces the attractiveness of location and lowers overall life quality	Immigration burdens the economy & welfare narrative
ped1YynN25g	Let’s overthrow the establishment	It is Us vs. Them (the establishment)
g3YH9tBXY4Y	Let’s overthrow the establishment	It is Us vs. Them (the establishment)
4dZ5e5LPATo	Let’s overthrow the establishment	It is Us vs. Them (the establishment)
W2oJaIq3mss	Let’s overthrow the establishment	It is Us vs. Them (the establishment)
H5-WEEguiXo	Let’s overthrow the establishment	It is Us vs. Them (the establishment)
3HCl2AfTd0A	MS or EU are in breach of international law (e.g. inadequate reception facilities, refoulement at the borders, prolonged asylum procedures)	Immigrants are victims
b3WTCvJpRq0	MS or EU are in breach of international law (e.g. inadequate reception facilities, refoulement at the borders, prolonged asylum procedures)	Immigrants are victims
_lRZ6ZWovDk	MS or EU are in breach of international law (e.g. inadequate reception facilities, refoulement at the borders, prolonged asylum procedures)	Immigrants are victims
9K5qoVx5niE	MS or EU are in breach of international law (e.g. inadequate reception facilities, refoulement at the borders, prolonged asylum procedures)	Immigrants are victims
YqTCuhxwhO8	MS or EU are in breach of international law (e.g. inadequate reception facilities, refoulement at the borders, prolonged asylum procedures)	Immigrants are victims
CbbkMLZPdLQ	MS or EU are in breach of international law (e.g. inadequate reception facilities, refoulement at the borders, prolonged asylum procedures)	Immigrants are victims
_0Z8RcniEGk	MS or EU are in breach of international law (e.g. inadequate reception facilities, refoulement at the borders, prolonged asylum procedures)	Immigrants are victims
MxyQZ__ov-4	MS or EU are in breach of international law (e.g. inadequate reception facilities, refoulement at the borders, prolonged asylum procedures)	Immigrants are victims
Xeb6V3dfvhs	MS or EU are in breach of international law (e.g. inadequate reception facilities, refoulement at the borders, prolonged asylum procedures)	Immigrants are victims
6Qcg7Aeiinw	Mainstream media are biased	There is an unfair bias against our political camp
MulvGbK8rDs	Mainstream media are biased	There is an unfair bias against our political camp
oNMKVjnTO1w	Mainstream media are biased	There is an unfair bias against our political camp
jYMoSf7Pos8	Many asylum seekers are actually economic migrants	Immigration burdens the economy & welfare narrative
l-aC_OGSBmY	Many asylum seekers are actually economic migrants	Immigration burdens the economy & welfare narrative
fei-L1arGuw	Many asylum seekers are actually economic migrants	Immigration burdens the economy & welfare narrative
qPDPAxhZc74	Many asylum seekers are actually economic migrants	Immigration burdens the economy & welfare narrative
LKfjYmu0pCo	Many asylum seekers are actually economic migrants	Immigration burdens the economy & welfare narrative
v-hRFtwcjLM	Many asylum seekers are actually economic migrants	Immigration burdens the economy & welfare narrative
S3yGcC2pH9k	Many asylum seekers are actually economic migrants	Immigration burdens the economy & welfare narrative
bcpu8uSnMMU	Many asylum seekers are actually economic migrants	Immigration burdens the economy & welfare narrative
SYIxMYiWick	Many asylum seekers are actually economic migrants	Immigration burdens the economy & welfare narrative
MFgrgR-oBPk	Many asylum seekers are actually economic migrants	Immigration burdens the economy & welfare narrative
a3Cl3b9_ivc	Many asylum seekers are actually economic migrants	Immigration burdens the economy & welfare narrative
HB3gL7t5tws	Many asylum seekers are actually economic migrants	Immigration burdens the economy & welfare narrative
SPXYFex2ar0	Many asylum seekers are actually economic migrants	Immigration burdens the economy & welfare narrative
TODj49XXqSA	Many asylum seekers are actually economic migrants	Immigration burdens the economy & welfare narrative
755wamt5rVw	Many asylum seekers are actually economic migrants	Immigration burdens the economy & welfare narrative
fd9xC56guBA	Many immigrants are terrorists	Immigration is a threat
JSLiQLZfwEQ	Many immigrants are terrorists	Immigration is a threat
STpdobvBAcI	Many immigrants are terrorists	Immigration is a threat
YlLuEbmi-JA	Many immigrants are terrorists	Immigration is a threat
pa6xqJPVOUI	Many immigrants are terrorists	Immigration is a threat
jJ35o_wkjiU	Many immigrants are terrorists	Immigration is a threat
oADDWgXkg0E	Many immigrants are terrorists	Immigration is a threat
f7VjOBik-hg	Many immigrants are terrorists	Immigration is a threat
KJK9-tcuJng	Many immigrants are terrorists	Immigration is a threat
HOSl-5VUOh8	Natives first	Immigration burdens the economy & welfare narrative
KOjkWWiKYEE	Natives first	Immigration burdens the economy & welfare narrative
_P1WOBI1S-E	Natives first	Immigration burdens the economy & welfare narrative
JPArh6s5WjI	Natives first	Immigration burdens the economy & welfare narrative
x9oGTGq-eTc	Natives first	Immigration burdens the economy & welfare narrative
uLhloCpyfF8	Natives first	Immigration burdens the economy & welfare narrative
h7BM-vEr3do	Natives first	Immigration burdens the economy & welfare narrative
HtDbtQCnHRY	Natives loose to immigrants / Immigrants receive better benefits than nationals	Immigration burdens the economy & welfare narrative
2rIH_7nbSWQ	Natives loose to immigrants / Immigrants receive better benefits than nationals	Immigration burdens the economy & welfare narrative
4gEHPqISstQ	Natives loose to immigrants / Immigrants receive better benefits than nationals	Immigration burdens the economy & welfare narrative
C1uRCy21of4	Natives loose to immigrants / Immigrants receive better benefits than nationals	Immigration burdens the economy & welfare narrative
UUY0a3j0vFM	Natives loose to immigrants / Immigrants receive better benefits than nationals	Immigration burdens the economy & welfare narrative
8HbLQm9QMQw	Natives loose to immigrants / Immigrants receive better benefits than nationals	Immigration burdens the economy & welfare narrative
5hM7bgdl6dc	Natives loose to immigrants / Immigrants receive better benefits than nationals	Immigration burdens the economy & welfare narrative
Glrn3kuYueU	Natives loose to immigrants / Immigrants receive better benefits than nationals	Immigration burdens the economy & welfare narrative
Y8srl72hvvM	Natives loose to immigrants / Immigrants receive better benefits than nationals	Immigration burdens the economy & welfare narrative
KvOMwyY0Iow	Natives loose to immigrants / Immigrants receive better benefits than nationals	Immigration burdens the economy & welfare narrative
SKtlVeuHHWo	Natives loose to immigrants / Immigrants receive better benefits than nationals	Immigration burdens the economy & welfare narrative
ETis7eNkeU8	Natives loose to immigrants / Immigrants receive better benefits than nationals	Immigration burdens the economy & welfare narrative
UIL1To1nwrc	Natives loose to immigrants / Immigrants receive better benefits than nationals	Immigration burdens the economy & welfare narrative
zjrwhLSis-s	Natives loose to immigrants / Immigrants receive better benefits than nationals	Immigration burdens the economy & welfare narrative
5edSQAwHxLU	Natives loose to immigrants / Immigrants receive better benefits than nationals	Immigration burdens the economy & welfare narrative
ZcPOwsZ5IcA	Natives loose to immigrants / Immigrants receive better benefits than nationals	Immigration burdens the economy & welfare narrative
oXzttLotlVI	Natives loose to immigrants / Immigrants receive better benefits than nationals	Immigration burdens the economy & welfare narrative
YsaHlkCcW6k	Natives loose to immigrants / Immigrants receive better benefits than nationals	Immigration burdens the economy & welfare narrative
3VcFuC4VKAE	Natives loose to immigrants / Immigrants receive better benefits than nationals	Immigration burdens the economy & welfare narrative
I_Bhw5D_Lwk	Natives loose to immigrants / Immigrants receive better benefits than nationals	Immigration burdens the economy & welfare narrative
SLZtzYfykz8	Natives loose to immigrants / Immigrants receive better benefits than nationals	Immigration burdens the economy & welfare narrative
E2QZ_YiSAgM	Natives loose to immigrants / Immigrants receive better benefits than nationals	Immigration burdens the economy & welfare narrative
bGPKNu7FkbQ	Natives loose to immigrants / Immigrants receive better benefits than nationals	Immigration burdens the economy & welfare narrative
rDwLq3KT7Ss	None	None
jHJIXyHcoko	None	None
bf8PozO_87s	None	None
L73zhcMB0YQ	None	None
FtTTA5EodPg	None	None
LxQP_-Zb__E	None	None
iXUgGiX9usc	None	None
YvoWanF0G0A	None	None
Ku5veHulG4E	None	None
rb6WEFGS95Y	None	None
NyZb9NNfYtM	None	None
PKikIeA-ick	None	None
O2ZkCuYKA6k	None	None
ioaIoo6GO08	None	None
I4wdYX5mmRw	None	None
H391zby7UvM	None	None
kAEqVak3SiI	None	None
qJ-HC9yeQXg	None	None
uoy2UVUQqOU	None	None
pfXWfpwoRJE	None	None
ZNu2jiQrHuk	None	None
RuHHObIEWTk	None	None
wOwBVc2T10Q	None	None
HVPX2kDylw4	None	None
Jp43gGly874	None	None
Bt3yjHvAr28	None	None
VwPZ6WaKLpI	None	None
ixMqMX7z-S0	None	None
mWhieqoFQWs	None	None
dw1_7sxJqQ8	None	None
7qpHiMWBT1c	None	None
-AwInDKkruQ	None	None
HqhtHLORgsA	None	None
QtI9Y3cU5EA	None	None
ZAd29ULeUcQ	None	None
D8vNnIWB_7M	None	None
nQdjlCOJXho	None	None
lM1Hf5AiCTY	None	None
VIvUonMLGGw	None	None
jNHB2aBXxqY	None	None
FvEI1WRi5dQ	None	None
UHNIGeMDtL4	None	None
F_rgzAQzs34	None	None
FRjiReKFcQI	None	None
Oj9GATgJSMU	None	None
XYPLn5nnC2c	None	None
eqD8jfVO9ko	None	None
OT3MYCMNOsQ	None	None
bEQFggaEhz0	None	None
zD3TQZi5zaQ	None	None
v64qQ2LZCkY	None	None
0HdwAiKR8a0	None	None
u2_t_C_2X2I	None	None
U4XmOXZEWNQ	None	None
gphTDi6xQqA	None	None
y2LeIvIYHvc	None	None
TjN6C6ka_24	None	None
o4DW3MYyDDc	None	None
KsVFlGLRKSw	None	None
EFF6kMKGj5E	None	None
IJq4edd5_a0	None	None
vCB_7GN76zY	None	None
Kx-kJ8EYFKk	None	None
tyHLYC94ztY	None	None
YNWgJ3_gclw	None	None
s0OsY1zWsRU	None	None
N4ENoj8Z5yI	None	None
LA8_WxveR7Y	None	None
ihtWuMf2KIA	None	None
DWCuMXHy_Ts	None	None
PH3hwgcJcHw	None	None
QCP78U075B0	None	None
wrQcAINO4LY	None	None
Gq95gf42mHY	None	None
UmsFLE0ft6g	Other conspiracy theory	Immigration is part of a conspiracy
msFqZEpKuUg	Other conspiracy theory	Immigration is part of a conspiracy
A3NOwQKiBRY	Other conspiracy theory	Immigration is part of a conspiracy
UVPY6DABDrk	Our borders are strained and/or insufficiently controlled	Immigration is out of control
c-3RROugI5s	Our borders are strained and/or insufficiently controlled	Immigration is out of control
_bzItzk_sBI	Our borders are strained and/or insufficiently controlled	Immigration is out of control
53xzN6mxyeY	Our borders are strained and/or insufficiently controlled	Immigration is out of control
TJRLVOXeG1E	Our borders are strained and/or insufficiently controlled	Immigration is out of control
gnN0gTf_FJQ	Our borders are strained and/or insufficiently controlled	Immigration is out of control
-Z6S70_bUh4	Our borders are strained and/or insufficiently controlled	Immigration is out of control
fODRApeOkig	Our borders are strained and/or insufficiently controlled	Immigration is out of control
rEoSpLFG874	Our borders are strained and/or insufficiently controlled	Immigration is out of control
rMrm8KxtQL8	Our borders are strained and/or insufficiently controlled	Immigration is out of control
Lsc_aArpFQg	Our borders are strained and/or insufficiently controlled	Immigration is out of control
qZdFS5px5vY	Our borders are strained and/or insufficiently controlled	Immigration is out of control
sU8C-hJXxnM	Our borders are strained and/or insufficiently controlled	Immigration is out of control
bMaTYLyOS0s	Our borders are strained and/or insufficiently controlled	Immigration is out of control
3mkfDgUgTJM	Our borders are strained and/or insufficiently controlled	Immigration is out of control
PUZk7AEqSR8	Our borders are strained and/or insufficiently controlled	Immigration is out of control
0Me6ZrQn9D0	Our borders are strained and/or insufficiently controlled	Immigration is out of control
cj7Jh1KSMTY	Our borders are strained and/or insufficiently controlled	Immigration is out of control
E9qVfJ_uNeM	Our borders are strained and/or insufficiently controlled	Immigration is out of control
-z43GAL-bjw	Our borders are strained and/or insufficiently controlled	Immigration is out of control
a3N6rNhw6tU	Our borders are strained and/or insufficiently controlled	Immigration is out of control
c8Q9oAZZWx4	Our borders are strained and/or insufficiently controlled	Immigration is out of control
8JMv0mDAk0c	Our borders are strained and/or insufficiently controlled	Immigration is out of control
Ho1EhmAcFu8	Our borders are strained and/or insufficiently controlled	Immigration is out of control
s1xmMe6BZgo	Our country is doing more than other countries to deal with immigration issues	Geopolitical narratives: Countries are acting against the interest of other countries
eseGJxJK538	Our country is doing more than other countries to deal with immigration issues	Geopolitical narratives: Countries are acting against the interest of other countries
uXJxl0ELyRI	Our country is doing more than other countries to deal with immigration issues	Geopolitical narratives: Countries are acting against the interest of other countries
UaILpsFu8m4	Our country is doing more than other countries to deal with immigration issues	Geopolitical narratives: Countries are acting against the interest of other countries
WUJdH83qmXs	Our country is doing more than other countries to deal with immigration issues	Geopolitical narratives: Countries are acting against the interest of other countries
WYGnR2zB4XY	Political rivals act against the interests of the people	It is Us vs. Them (the establishment)
tEOszvXgJf8	Political rivals act against the interests of the people	It is Us vs. Them (the establishment)
8BslPSecXy8	Political rivals act against the interests of the people	It is Us vs. Them (the establishment)
oX3SYF0zdM0	Political rivals act against the interests of the people	It is Us vs. Them (the establishment)
DOTAflz9x28	Political rivals act against the interests of the people	It is Us vs. Them (the establishment)
6HE_RjPCVik	Political rivals act against the interests of the people	It is Us vs. Them (the establishment)
lTkx2yX8nhs	Political rivals act against the interests of the people	It is Us vs. Them (the establishment)
YE-XptTQgAk	Political rivals act against the interests of the people	It is Us vs. Them (the establishment)
W0ERkczJ47U	Political rivals act against the interests of the people	It is Us vs. Them (the establishment)
RqUZ4sGbAQw	Political rivals act against the interests of the people	It is Us vs. Them (the establishment)
bkS8kY1WloI	Political rivals act against the interests of the people	It is Us vs. Them (the establishment)
M8ws1Nd4WqQ	Political rivals act against the interests of the people	It is Us vs. Them (the establishment)
4e3o1Z9mo50	Political rivals act against the interests of the people	It is Us vs. Them (the establishment)
6BuJ28RAg50	Political rivals act against the interests of the people	It is Us vs. Them (the establishment)
noV4RbOAmHE	Political rivals act against the interests of the people	It is Us vs. Them (the establishment)
O53T_FQ9wTE	Political rivals act against the interests of the people	It is Us vs. Them (the establishment)
BCLcp1d9kxk	Political rivals act against the interests of the people	It is Us vs. Them (the establishment)
SY1v6E1xkrY	Political rivals act against the interests of the people	It is Us vs. Them (the establishment)
3TGPogrXE6Y	Political rivals act against the interests of the people	It is Us vs. Them (the establishment)
4K-u8pN_UVo	Political rivals act against the interests of the people	It is Us vs. Them (the establishment)
-owoDsjYIxw	Political rivals act against the interests of the people	It is Us vs. Them (the establishment)
_wTajX8KHKs	Political rivals act against the interests of the people	It is Us vs. Them (the establishment)
r7WzcS1bHYk	Political rivals act against the interests of the people	It is Us vs. Them (the establishment)
tIlaYS7Voqw	Political rivals act against the interests of the people	It is Us vs. Them (the establishment)
cyGZiI0macs	Political rivals act against the interests of the people	It is Us vs. Them (the establishment)
tvFrdSnnJ1M	Political rivals act against the interests of the people	It is Us vs. Them (the establishment)
GKkcME8Fs_U	Political rivals act against the interests of the people	It is Us vs. Them (the establishment)
39GnF8TnGPs	Political rivals’ policy failed/ is failing/ will fail	It is Us vs. Them (the establishment)
lwNudSiAMtA	Political rivals’ policy failed/ is failing/ will fail	It is Us vs. Them (the establishment)
8Cz4W6_pB5Q	Political rivals’ policy failed/ is failing/ will fail	It is Us vs. Them (the establishment)
zT3NDTAHxB4	Political rivals’ policy failed/ is failing/ will fail	It is Us vs. Them (the establishment)
-tair7dDnLs	Political rivals’ policy failed/ is failing/ will fail	It is Us vs. Them (the establishment)
Z4xDqQx-Ak4	Political rivals’ policy failed/ is failing/ will fail	It is Us vs. Them (the establishment)
39N3nDu3IV4	Political rivals’ policy failed/ is failing/ will fail	It is Us vs. Them (the establishment)
m-_KH9PIasM	Political rivals’ policy failed/ is failing/ will fail	It is Us vs. Them (the establishment)
ckjejySW45E	Political rivals’ policy failed/ is failing/ will fail	It is Us vs. Them (the establishment)
T4thK7sVCwM	Political rivals’ policy failed/ is failing/ will fail	It is Us vs. Them (the establishment)
jadaSq2P5bA	Political rivals’ policy failed/ is failing/ will fail	It is Us vs. Them (the establishment)
hhWJSsVzre4	Political rivals’ policy failed/ is failing/ will fail	It is Us vs. Them (the establishment)
DAwYD-D2yIo	Political rivals’ policy failed/ is failing/ will fail	It is Us vs. Them (the establishment)
rkpv46b7gyM	Political rivals’ policy failed/ is failing/ will fail	It is Us vs. Them (the establishment)
KGWbhV2wVDM	Political rivals’ policy failed/ is failing/ will fail	It is Us vs. Them (the establishment)
wcHYkQB2WCk	Political rivals’ policy failed/ is failing/ will fail	It is Us vs. Them (the establishment)
cf3xc5TrHDo	Political rivals’ policy failed/ is failing/ will fail	It is Us vs. Them (the establishment)
M2PSVyMEOhM	Political rivals’ policy failed/ is failing/ will fail	It is Us vs. Them (the establishment)
z-gHiac_BcM	Political rivals’ policy failed/ is failing/ will fail	It is Us vs. Them (the establishment)
wVdo3Mzz0y0	Political rivals’ policy failed/ is failing/ will fail	It is Us vs. Them (the establishment)
cxH259bqqVU	Political rivals’ policy failed/ is failing/ will fail	It is Us vs. Them (the establishment)
XWCeqvtOK_U	Political rivals’ policy failed/ is failing/ will fail	It is Us vs. Them (the establishment)
QJC5XgQsyKo	Political rivals’ policy failed/ is failing/ will fail	It is Us vs. Them (the establishment)
7zd5B66Q80k	Political rivals’ policy failed/ is failing/ will fail	It is Us vs. Them (the establishment)
qIkc9l_JBec	Political rivals’ policy failed/ is failing/ will fail	It is Us vs. Them (the establishment)
M6Y0OhlsYUc	Political rivals’ policy failed/ is failing/ will fail	It is Us vs. Them (the establishment)
9GfM_Ljo-tM	Political rivals’ policy failed/ is failing/ will fail	It is Us vs. Them (the establishment)
fUam83NhcYI	Political rivals’ policy failed/ is failing/ will fail	It is Us vs. Them (the establishment)
cureo3-MBYw	Political rivals’ policy failed/ is failing/ will fail	It is Us vs. Them (the establishment)
WT2gkmspleY	Political rivals’ policy failed/ is failing/ will fail	It is Us vs. Them (the establishment)
jQc58thperc	Political rivals’ policy failed/ is failing/ will fail	It is Us vs. Them (the establishment)
B7cLIzM7vs8	Political rivals’ policy failed/ is failing/ will fail	It is Us vs. Them (the establishment)
OeVooF5OP_0	Political rivals’ policy failed/ is failing/ will fail	It is Us vs. Them (the establishment)
fIoXYVaVqbU	Political rivals’ policy failed/ is failing/ will fail	It is Us vs. Them (the establishment)
AXKF9dhO-Eo	Political rivals’ policy failed/ is failing/ will fail	It is Us vs. Them (the establishment)
BqWZ98mG3_M	Political rivals’ policy failed/ is failing/ will fail	It is Us vs. Them (the establishment)
jxGJX_3q91w	Political rivals’ policy failed/ is failing/ will fail	It is Us vs. Them (the establishment)
SuNa3lCru1U	Political rivals’ policy failed/ is failing/ will fail	It is Us vs. Them (the establishment)
K1JGnjhfhqw	Political rivals’ policy failed/ is failing/ will fail	It is Us vs. Them (the establishment)
0dS4ya_CN3w	Political rivals’ policy failed/ is failing/ will fail	It is Us vs. Them (the establishment)
ENMc2RGs22U	Political rivals’ policy failed/ is failing/ will fail	It is Us vs. Them (the establishment)
lF0ZZnrYoRQ	Political rivals’ policy failed/ is failing/ will fail	It is Us vs. Them (the establishment)
GzhpFWZYM9Y	Political rivals’ policy failed/ is failing/ will fail	It is Us vs. Them (the establishment)
zYIErcM4o-4	Political rivals’ policy failed/ is failing/ will fail	It is Us vs. Them (the establishment)
TfzXwXzKV54	Political rivals’ policy failed/ is failing/ will fail	It is Us vs. Them (the establishment)
N9-GyjZ2bTM	Political rivals’ policy failed/ is failing/ will fail	It is Us vs. Them (the establishment)
kKPmxrLN51M	Promoting policy initiatives or ideas	We are competent
UnqYdqXIhAE	Promoting policy initiatives or ideas	We are competent
dXZlGkB0oOg	Promoting policy initiatives or ideas	We are competent
vcEoN5Psw_Q	Promoting policy initiatives or ideas	We are competent
Qcltz-2leEY	Promoting policy initiatives or ideas	We are competent
tEKKXnblqLY	Promoting policy initiatives or ideas	We are competent
KJNxtYCWPtw	Promoting policy initiatives or ideas	We are competent
PFLma6zTOeI	Promoting policy initiatives or ideas	We are competent
sxzOuk-E7-8	Promoting policy initiatives or ideas	We are competent
Phj3D6xMa9g	Promoting policy initiatives or ideas	We are competent
f4XjfGLSrlA	Promoting policy initiatives or ideas	We are competent
jlTxV0W0UVw	Promoting policy initiatives or ideas	We are competent
u6ZmH-RUpb4	Promoting policy initiatives or ideas	We are competent
TZfbHwKO6fk	Promoting policy initiatives or ideas	We are competent
F7qp-il6dsI	Promoting policy initiatives or ideas	We are competent
poT1_-GI7l0	Promoting policy initiatives or ideas	We are competent
KkuKfAoapAo	Promoting policy initiatives or ideas	We are competent
dWYA5jNiHx8	Promoting policy initiatives or ideas	We are competent
8Sm_kOAPuEE	Promoting policy initiatives or ideas	We are competent
3S4qzTT6xDE	Promoting policy initiatives or ideas	We are competent
H9cde07tNcA	Promoting policy initiatives or ideas	We are competent
II3NgREcvUk	Promoting policy initiatives or ideas	We are competent
SikqFuDTa54	Promoting policy initiatives or ideas	We are competent
yeqoct-ETjw	Promoting policy initiatives or ideas	We are competent
kpna03VY3nc	Promoting policy initiatives or ideas	We are competent
DBLrmVF-PeM	Promoting policy initiatives or ideas	We are competent
0Z0YpgCenSk	Promoting policy initiatives or ideas	We are competent
NOpEMNlozlM	Promoting policy initiatives or ideas	We are competent
z5cOOYluVYQ	Promoting policy initiatives or ideas	We are competent
L7Ss0kkNK-4	Promoting policy initiatives or ideas	We are competent
iVW_emEw-eE	Promoting policy initiatives or ideas	We are competent
sVoYSPz-7og	Promoting policy initiatives or ideas	We are competent
Mw7GifBgYVI	Promoting policy initiatives or ideas	We are competent
FRsri8pfIL0	Promoting policy initiatives or ideas	We are competent
vCjtxFAA1Do	Promoting policy initiatives or ideas	We are competent
QvFIubrkAuE	Promoting policy initiatives or ideas	We are competent
buHqZX3VoP0	Promoting policy initiatives or ideas	We are competent
xY9-LhwzuXg	Receiving immigrants is too expensive/ immigration burdens tax payers	Immigration burdens the economy & welfare narrative
76m3aPl6BoE	Receiving immigrants is too expensive/ immigration burdens tax payers	Immigration burdens the economy & welfare narrative
ZLhklDPikik	Receiving immigrants is too expensive/ immigration burdens tax payers	Immigration burdens the economy & welfare narrative
rOl_xBeuul4	Receiving immigrants is too expensive/ immigration burdens tax payers	Immigration burdens the economy & welfare narrative
m50CPdlybwQ	Receiving immigrants is too expensive/ immigration burdens tax payers	Immigration burdens the economy & welfare narrative
zsdR06sBSIg	Receiving immigrants is too expensive/ immigration burdens tax payers	Immigration burdens the economy & welfare narrative
KY2Nb0wfNDo	Receiving immigrants is too expensive/ immigration burdens tax payers	Immigration burdens the economy & welfare narrative
cg559BaMGlA	Receiving immigrants is too expensive/ immigration burdens tax payers	Immigration burdens the economy & welfare narrative
agxDrfN4df0	Receiving immigrants is too expensive/ immigration burdens tax payers	Immigration burdens the economy & welfare narrative
NoseJP41QCk	Receiving immigrants is too expensive/ immigration burdens tax payers	Immigration burdens the economy & welfare narrative
4XSYAG786H0	Receiving immigrants is too expensive/ immigration burdens tax payers	Immigration burdens the economy & welfare narrative
91smBgaR7Is	Receiving immigrants is too expensive/ immigration burdens tax payers	Immigration burdens the economy & welfare narrative
8Lt54AAfSE0	Receiving immigrants is too expensive/ immigration burdens tax payers	Immigration burdens the economy & welfare narrative
mrLliDv8Pns	Receiving immigrants is too expensive/ immigration burdens tax payers	Immigration burdens the economy & welfare narrative
pY5hRE0Nsxs	Receiving immigrants is too expensive/ immigration burdens tax payers	Immigration burdens the economy & welfare narrative
jMQnF2WMhb0	Receiving immigrants is too expensive/ immigration burdens tax payers	Immigration burdens the economy & welfare narrative
IBte4sPgEp4	Receiving immigrants is too expensive/ immigration burdens tax payers	Immigration burdens the economy & welfare narrative
jVzY4-7XKMA	Receiving immigrants is too expensive/ immigration burdens tax payers	Immigration burdens the economy & welfare narrative
kXKIOd0bxnY	Receiving immigrants is too expensive/ immigration burdens tax payers	Immigration burdens the economy & welfare narrative
IfPIjaarP8o	Receiving immigrants is too expensive/ immigration burdens tax payers	Immigration burdens the economy & welfare narrative
aZBnMWu4_gQ	Receiving immigrants is too expensive/ immigration burdens tax payers	Immigration burdens the economy & welfare narrative
4UfYqc497uw	Receiving immigrants is too expensive/ immigration burdens tax payers	Immigration burdens the economy & welfare narrative
I4RsVI0rVx4	Receiving immigrants is too expensive/ immigration burdens tax payers	Immigration burdens the economy & welfare narrative
Lk1OXVLU6DQ	Reminder that immigration is an issue	Narrative strategy to remain in the news
egiVhJ8zYTI	Reminder that immigration is an issue	Narrative strategy to remain in the news
PR_DnSETJB4	Reminder that immigration is an issue	Narrative strategy to remain in the news
PfTnObbJGac	Self-promotion	Narrative strategy to remain in the news
uCgLdjafJ0Q	Self-promotion	Narrative strategy to remain in the news
CyhoZgMzrhg	Self-promotion	Narrative strategy to remain in the news
LpLLYhslnnw	Self-promotion	Narrative strategy to remain in the news
i0p9xnqLnWY	There are double-standards/ the system is corrupt	There is an unfair bias against our political camp
g6RmlkjVBaI	There are double-standards/ the system is corrupt	There is an unfair bias against our political camp
JWB-VOnEI5M	There are double-standards/ the system is corrupt	There is an unfair bias against our political camp
6GgNG8kVOEc	There are double-standards/ the system is corrupt	There is an unfair bias against our political camp
MYOU-5RzSbM	There are double-standards/ the system is corrupt	There is an unfair bias against our political camp
ev7zxIhdFA4	There are double-standards/ the system is corrupt	There is an unfair bias against our political camp
F_J7T-E68Pk	There are double-standards/ the system is corrupt	There is an unfair bias against our political camp
BeNv4gMBKpc	There are double-standards/ the system is corrupt	There is an unfair bias against our political camp
6mGC-Eye1YI	There are too many immigrants coming	Immigration is out of control
jWtG2iYivZs	There are too many immigrants coming	Immigration is out of control
AOAiQfGMGFo	There are too many immigrants coming	Immigration is out of control
3kuKZRuIFdc	There are too many immigrants coming	Immigration is out of control
305us-M8mB8	There are too many immigrants coming	Immigration is out of control
SrEmGd27zu0	There are too many immigrants coming	Immigration is out of control
eJCesp08fv8	There are too many immigrants coming	Immigration is out of control
9emlkTBJkPM	There are too many immigrants coming	Immigration is out of control
VXOA8veaWYc	There are too many immigrants coming	Immigration is out of control
sY-vM6QT-yc	There are too many immigrants coming	Immigration is out of control
Ck1AJ2yCFsE	There are too many immigrants coming	Immigration is out of control
VbDJszljNek	There are too many immigrants coming	Immigration is out of control
7dsfkOET5_A	There are too many immigrants coming	Immigration is out of control
h1Ta-88kfkU	There are too many immigrants coming	Immigration is out of control
LAdpbYTWf4g	There are too many immigrants coming	Immigration is out of control
szis5ZioMsw	There are too many immigrants coming	Immigration is out of control
Pi5fWGxRuho	There are too many immigrants coming	Immigration is out of control
5ixohokkD5M	There are too many immigrants coming	Immigration is out of control
tXqqX7Xvlew	There are too many immigrants coming	Immigration is out of control
Kg0gL57uTXo	There are too many immigrants coming	Immigration is out of control
76L6VHXSPJw	There are too many immigrants coming	Immigration is out of control
dF_dhicDfvY	There are too many immigrants coming	Immigration is out of control
vtkLARIC0jo	There are too many immigrants coming	Immigration is out of control
DezsIvDFv44	There are too many immigrants coming	Immigration is out of control
2NRm_v7Jo58	There are too many immigrants coming	Immigration is out of control
pJaZzlyNOdE	There are too many immigrants coming	Immigration is out of control
PSCX4o9u9bU	There are too many immigrants coming	Immigration is out of control
hDJYvJ4HMj8	There are too many immigrants coming	Immigration is out of control
jxzZcmp9qso	There are too many immigrants coming	Immigration is out of control
Dz6CMdfxWeo	There are too many immigrants coming	Immigration is out of control
66MnHtYjlEU	There are too many immigrants coming	Immigration is out of control
bfnn8VViQXA	There are too many immigrants coming	Immigration is out of control
4vetttTBIio	There are too many immigrants coming	Immigration is out of control
FQIow5s67sM	We are being silenced	There is an unfair bias against our political camp
VdMPF4kx_qY	We are being silenced	There is an unfair bias against our political camp
VzJLsIaJBJU	We are being silenced	There is an unfair bias against our political camp
wvnEEQWdcE8	We are being silenced	There is an unfair bias against our political camp
oV4POdjLCtE	We are being silenced	There is an unfair bias against our political camp
20Q3tWxLDdY	We are being silenced	There is an unfair bias against our political camp
QWoz-7cCokY	We are being silenced	There is an unfair bias against our political camp
NoUdTumcQ_g	We are being silenced	There is an unfair bias against our political camp
2G6RyGgaors	We are being silenced	There is an unfair bias against our political camp
UypNIBHEEV4	We are being silenced	There is an unfair bias against our political camp
FXm9EFwG-bM	We are being silenced	There is an unfair bias against our political camp
4g7GJnwoxu0	We are being silenced	There is an unfair bias against our political camp
KGCvzAkk6Zs	We are being silenced	There is an unfair bias against our political camp
9gVaHg7bMUQ	We are being silenced	There is an unfair bias against our political camp
cGh7YYulozM	We are being silenced	There is an unfair bias against our political camp
3qihC6G1ZlQ	We are being silenced	There is an unfair bias against our political camp
wSM5srAEdds	We are being silenced	There is an unfair bias against our political camp
WhFC8Mc32tQ	We are being silenced	There is an unfair bias against our political camp
OLGctpBpv3Q	We represent the people	We are competent
vdM7U63iWTY	We represent the people	We are competent
sKlveSWmFJ8	We represent the people	We are competent
XwfFIuxNgAI	We represent the people	We are competent
GvgwjGfkB48	We represent the people	We are competent
XTTeZKcG1xs	We stand for common sense	We are competent
LMz-IOqCgSQ	We stand for common sense	We are competent
Y_WQD6X-cx8	We stand for common sense	We are competent
1cCfskJMpMk	We stand for common sense	We are competent
0l7aAMZh9bs	We will reinstate order	We are competent
6pEHbf-gAfM	We will reinstate order	We are competent
wSEWVK8HVw0	We will reinstate order	We are competent
1HIM6AN-IA8	We will reinstate order	We are competent
mQg1MAbyJX8	We will reinstate order	We are competent
Hj7HhqKYzKY	We will reinstate order	We are competent
B14jIBMWRT8	We will reinstate order	We are competent
cjG_rK6ZW2Y	We will reinstate order	We are competent
XLsierj0MuI	We will reinstate order	We are competent
9KNUhiHYS7M	We will reinstate order	We are competent
fihmYcrQwy0	We will reinstate order	We are competent
XhbEUcbNbmA	We will reinstate order	We are competent
72F4NIzWIBQ	We will reinstate order	We are competent
9iDsva1IfWE	We will reinstate order	We are competent